{
  "image": {
    "path": "assets/wall.png",
    "width": 1024,
    "height": 1536
  },
  "detection": {
    "color_space": "HSV",
    "thresholds": {
      "hue_range": [
        0.01,
        0.17
      ],
      "saturation_min": 0.4,
      "value_min": 0.7
    },
    "post_process": "percentile-trim-2% (per-axis) on mask density"
  },
  "left": {
    "bbox_px": {
      "x0": 16,
      "y0": 428,
      "x1": 231,
      "y1": 622
    },
    "bbox_pct": {
      "x0": 0.015625,
      "y0": 0.2786458333,
      "x1": 0.2255859375,
      "y1": 0.4049479167,
      "w": 0.2099609375,
      "h": 0.1263020833
    },
    "anchor_pct": {
      "cx": 0.1206054688,
      "cy": 0.341796875
    },
    "overlay_pct": {
      "x0": 0.015625,
      "y0": 0.2786458333,
      "x1": 0.2255859375,
      "y1": 0.4049479167,
      "w": 0.2099609375,
      "h": 0.1263020833
    }
  },
  "right": {
    "bbox_px": {
      "x0": 807,
      "y0": 424,
      "x1": 1009,
      "y1": 620
    },
    "bbox_pct": {
      "x0": 0.7880859375,
      "y0": 0.2760416667,
      "x1": 0.9853515625,
      "y1": 0.4036458333,
      "w": 0.197265625,
      "h": 0.1276041667
    },
    "anchor_pct": {
      "cx": 0.88671875,
      "cy": 0.33984375
    },
    "overlay_pct": {
      "x0": 0.7880859375,
      "y0": 0.2760416667,
      "x1": 0.9853515625,
      "y1": 0.4036458333,
      "w": 0.197265625,
      "h": 0.1276041667
    }
  }
}
